DATE,INSTRUMENT,UNDERLYING,EXPIRY DATE,MTM SETTLEMENT PRICE
08-OCT-2015,FUTIDX,BANKNIFTY,29-OCT-2015,17550.60
08-OCT-2015,FUTIDX,BANKNIFTY,26-NOV-2015,17648.30
08-OCT-2015,FUTIDX,BANKNIFTY,31-DEC-2015,17741.30
08-OCT-2015,FUTIDX,CNXINFRA,29-OCT-2015,2939.25
08-OCT-2015,FUTIDX,CNXINFRA,26-NOV-2015,2955.80
08-OCT-2015,FUTIDX,CNXINFRA,31-DEC-2015,2976.40
08-OCT-2015,FUTIDX,CNXIT,29-OCT-2015,11704.85
08-OCT-2015,FUTIDX,CNXIT,26-NOV-2015,11783.55
08-OCT-2015,FUTIDX,CNXIT,31-DEC-2015,11865.50
08-OCT-2015,FUTIDX,CNXPSE,29-OCT-2015,3143.65
08-OCT-2015,FUTIDX,CNXPSE,26-NOV-2015,3161.35
08-OCT-2015,FUTIDX,CNXPSE,31-DEC-2015,3183.35
08-OCT-2015,FUTIDX,DJIA,16-OCT-2015,16780.00
08-OCT-2015,FUTIDX,DJIA,20-NOV-2015,16740.00
08-OCT-2015,FUTIDX,DJIA,18-DEC-2015,17152.50
08-OCT-2015,FUTIDX,DJIA,18-MAR-2016,17465.00
08-OCT-2015,FUTIDX,DJIA,17-JUN-2016,17782.50
08-OCT-2015,FUTIDX,DJIA,16-SEP-2016,18105.00
08-OCT-2015,FUTIDX,FTSE100,16-OCT-2015,6347.00
08-OCT-2015,FUTIDX,FTSE100,20-NOV-2015,6391.00
08-OCT-2015,FUTIDX,FTSE100,18-DEC-2015,6427.00
08-OCT-2015,FUTIDX,FTSE100,18-MAR-2016,6543.00
08-OCT-2015,FUTIDX,FTSE100,17-JUN-2016,6662.00
08-OCT-2015,FUTIDX,FTSE100,16-SEP-2016,6784.00
08-OCT-2015,FUTIDX,NFTYMCAP50,29-OCT-2015,3309.15
08-OCT-2015,FUTIDX,NFTYMCAP50,26-NOV-2015,3327.80
08-OCT-2015,FUTIDX,NFTYMCAP50,31-DEC-2015,3350.95
08-OCT-2015,FUTIDX,NIFTY,29-OCT-2015,8157.25
08-OCT-2015,FUTIDX,NIFTY,26-NOV-2015,8195.95
08-OCT-2015,FUTIDX,NIFTY,31-DEC-2015,8236.45
08-OCT-2015,FUTIDX,S&P500,16-OCT-2015,1982.25
08-OCT-2015,FUTIDX,S&P500,20-NOV-2015,2013.00
08-OCT-2015,FUTIDX,S&P500,18-DEC-2015,2024.25
08-OCT-2015,FUTIDX,S&P500,18-MAR-2016,2061.00
08-OCT-2015,FUTIDX,S&P500,17-JUN-2016,2098.50
08-OCT-2015,FUTIDX,S&P500,16-SEP-2016,2136.75
08-OCT-2015,FUTIVX,INDIAVIX,13-OCT-2015,1956.25
08-OCT-2015,FUTIVX,INDIAVIX,20-OCT-2015,1954.00
08-OCT-2015,FUTIVX,INDIAVIX,27-OCT-2015,1957.75
08-OCT-2015,FUTSTK,ABIRLANUVO,29-OCT-2015,2203.85
08-OCT-2015,FUTSTK,ABIRLANUVO,26-NOV-2015,2217.25
08-OCT-2015,FUTSTK,ABIRLANUVO,31-DEC-2015,2232.65
08-OCT-2015,FUTSTK,ACC,29-OCT-2015,1363.00
08-OCT-2015,FUTSTK,ACC,26-NOV-2015,1370.75
08-OCT-2015,FUTSTK,ACC,31-DEC-2015,1378.95
08-OCT-2015,FUTSTK,ADANIENT,29-OCT-2015,84.65
08-OCT-2015,FUTSTK,ADANIENT,26-NOV-2015,85.05
08-OCT-2015,FUTSTK,ADANIENT,31-DEC-2015,85.60
08-OCT-2015,FUTSTK,ADANIPORTS,29-OCT-2015,321.30
08-OCT-2015,FUTSTK,ADANIPORTS,26-NOV-2015,322.45
08-OCT-2015,FUTSTK,ADANIPORTS,31-DEC-2015,326.15
08-OCT-2015,FUTSTK,ADANIPOWER,29-OCT-2015,26.45
08-OCT-2015,FUTSTK,ADANIPOWER,26-NOV-2015,26.60
08-OCT-2015,FUTSTK,ADANIPOWER,31-DEC-2015,26.75
08-OCT-2015,FUTSTK,AJANTPHARM,29-OCT-2015,1500.60
08-OCT-2015,FUTSTK,AJANTPHARM,26-NOV-2015,1513.40
08-OCT-2015,FUTSTK,AJANTPHARM,31-DEC-2015,1523.90
08-OCT-2015,FUTSTK,ALBK,29-OCT-2015,78.35
08-OCT-2015,FUTSTK,ALBK,26-NOV-2015,78.65
08-OCT-2015,FUTSTK,ALBK,31-DEC-2015,79.20
08-OCT-2015,FUTSTK,AMARAJABAT,29-OCT-2015,1014.65
08-OCT-2015,FUTSTK,AMARAJABAT,26-NOV-2015,1018.75
08-OCT-2015,FUTSTK,AMARAJABAT,31-DEC-2015,1025.85
08-OCT-2015,FUTSTK,AMBUJACEM,29-OCT-2015,210.90
08-OCT-2015,FUTSTK,AMBUJACEM,26-NOV-2015,211.95
08-OCT-2015,FUTSTK,AMBUJACEM,31-DEC-2015,213.45
08-OCT-2015,FUTSTK,AMTEKAUTO,29-OCT-2015,44.95
08-OCT-2015,FUTSTK,ANDHRABANK,29-OCT-2015,69.10
08-OCT-2015,FUTSTK,ANDHRABANK,26-NOV-2015,69.55
08-OCT-2015,FUTSTK,ANDHRABANK,31-DEC-2015,69.90
08-OCT-2015,FUTSTK,APOLLOHOSP,29-OCT-2015,1455.95
08-OCT-2015,FUTSTK,APOLLOHOSP,26-NOV-2015,1462.25
08-OCT-2015,FUTSTK,APOLLOHOSP,31-DEC-2015,1472.40
08-OCT-2015,FUTSTK,APOLLOTYRE,29-OCT-2015,194.50
08-OCT-2015,FUTSTK,APOLLOTYRE,26-NOV-2015,194.90
08-OCT-2015,FUTSTK,APOLLOTYRE,31-DEC-2015,196.50
08-OCT-2015,FUTSTK,ARVIND,29-OCT-2015,287.50
08-OCT-2015,FUTSTK,ARVIND,26-NOV-2015,288.80
08-OCT-2015,FUTSTK,ARVIND,31-DEC-2015,291.30
08-OCT-2015,FUTSTK,ASHOKLEY,29-OCT-2015,92.20
08-OCT-2015,FUTSTK,ASHOKLEY,26-NOV-2015,92.60
08-OCT-2015,FUTSTK,ASHOKLEY,31-DEC-2015,93.20
08-OCT-2015,FUTSTK,ASIANPAINT,29-OCT-2015,875.05
08-OCT-2015,FUTSTK,ASIANPAINT,26-NOV-2015,877.70
08-OCT-2015,FUTSTK,ASIANPAINT,31-DEC-2015,888.85
08-OCT-2015,FUTSTK,AUROPHARMA,29-OCT-2015,755.35
08-OCT-2015,FUTSTK,AUROPHARMA,26-NOV-2015,758.20
08-OCT-2015,FUTSTK,AUROPHARMA,31-DEC-2015,763.15
08-OCT-2015,FUTSTK,AXISBANK,29-OCT-2015,493.95
08-OCT-2015,FUTSTK,AXISBANK,26-NOV-2015,496.75
08-OCT-2015,FUTSTK,AXISBANK,31-DEC-2015,499.75
08-OCT-2015,FUTSTK,BAJAJ-AUTO,29-OCT-2015,2445.15
08-OCT-2015,FUTSTK,BAJAJ-AUTO,26-NOV-2015,2454.65
08-OCT-2015,FUTSTK,BAJAJ-AUTO,31-DEC-2015,2471.70
08-OCT-2015,FUTSTK,BAJFINANCE,29-OCT-2015,5066.00
08-OCT-2015,FUTSTK,BAJFINANCE,26-NOV-2015,5090.65
08-OCT-2015,FUTSTK,BAJFINANCE,31-DEC-2015,5126.05
08-OCT-2015,FUTSTK,BANKBARODA,29-OCT-2015,186.85
08-OCT-2015,FUTSTK,BANKBARODA,26-NOV-2015,187.55
08-OCT-2015,FUTSTK,BANKBARODA,31-DEC-2015,189.05
08-OCT-2015,FUTSTK,BANKINDIA,29-OCT-2015,146.10
08-OCT-2015,FUTSTK,BANKINDIA,26-NOV-2015,146.55
08-OCT-2015,FUTSTK,BANKINDIA,31-DEC-2015,147.95
08-OCT-2015,FUTSTK,BATAINDIA,29-OCT-2015,549.55
08-OCT-2015,FUTSTK,BATAINDIA,26-NOV-2015,558.20
08-OCT-2015,FUTSTK,BATAINDIA,31-DEC-2015,562.10
08-OCT-2015,FUTSTK,BEL,29-OCT-2015,1191.25
08-OCT-2015,FUTSTK,BEL,26-NOV-2015,1193.40
08-OCT-2015,FUTSTK,BEL,31-DEC-2015,1223.50
08-OCT-2015,FUTSTK,BEML,29-OCT-2015,1265.45
08-OCT-2015,FUTSTK,BEML,26-NOV-2015,1276.95
08-OCT-2015,FUTSTK,BEML,31-DEC-2015,1281.55
08-OCT-2015,FUTSTK,BHARATFORG,29-OCT-2015,934.40
08-OCT-2015,FUTSTK,BHARATFORG,26-NOV-2015,939.05
08-OCT-2015,FUTSTK,BHARATFORG,31-DEC-2015,946.15
08-OCT-2015,FUTSTK,BHARTIARTL,29-OCT-2015,343.95
08-OCT-2015,FUTSTK,BHARTIARTL,26-NOV-2015,345.95
08-OCT-2015,FUTSTK,BHARTIARTL,31-DEC-2015,347.30
08-OCT-2015,FUTSTK,BHEL,29-OCT-2015,204.70
08-OCT-2015,FUTSTK,BHEL,26-NOV-2015,204.05
08-OCT-2015,FUTSTK,BHEL,31-DEC-2015,207.25
08-OCT-2015,FUTSTK,BIOCON,29-OCT-2015,444.50
08-OCT-2015,FUTSTK,BIOCON,26-NOV-2015,447.50
08-OCT-2015,FUTSTK,BIOCON,31-DEC-2015,450.95
08-OCT-2015,FUTSTK,BOSCHLTD,29-OCT-2015,21437.45
08-OCT-2015,FUTSTK,BOSCHLTD,26-NOV-2015,21557.40
08-OCT-2015,FUTSTK,BOSCHLTD,31-DEC-2015,21725.70
08-OCT-2015,FUTSTK,BPCL,29-OCT-2015,859.95
08-OCT-2015,FUTSTK,BPCL,26-NOV-2015,863.30
08-OCT-2015,FUTSTK,BPCL,31-DEC-2015,869.30
08-OCT-2015,FUTSTK,BRITANNIA,29-OCT-2015,3276.60
08-OCT-2015,FUTSTK,BRITANNIA,26-NOV-2015,3290.90
08-OCT-2015,FUTSTK,BRITANNIA,31-DEC-2015,3321.60
08-OCT-2015,FUTSTK,CADILAHC,29-OCT-2015,411.80
08-OCT-2015,FUTSTK,CADILAHC,26-NOV-2015,414.00
08-OCT-2015,FUTSTK,CADILAHC,31-DEC-2015,416.20
08-OCT-2015,FUTSTK,CAIRN,29-OCT-2015,167.95
08-OCT-2015,FUTSTK,CAIRN,26-NOV-2015,167.90
08-OCT-2015,FUTSTK,CAIRN,31-DEC-2015,171.50
08-OCT-2015,FUTSTK,CANBK,29-OCT-2015,299.35
08-OCT-2015,FUTSTK,CANBK,26-NOV-2015,300.40
08-OCT-2015,FUTSTK,CANBK,31-DEC-2015,300.30
08-OCT-2015,FUTSTK,CASTROLIND,29-OCT-2015,452.45
08-OCT-2015,FUTSTK,CASTROLIND,26-NOV-2015,455.00
08-OCT-2015,FUTSTK,CASTROLIND,31-DEC-2015,457.60
08-OCT-2015,FUTSTK,CEATLTD,29-OCT-2015,1270.70
08-OCT-2015,FUTSTK,CEATLTD,26-NOV-2015,1278.05
08-OCT-2015,FUTSTK,CEATLTD,31-DEC-2015,1286.95
08-OCT-2015,FUTSTK,CENTURYTEX,29-OCT-2015,517.75
08-OCT-2015,FUTSTK,CENTURYTEX,26-NOV-2015,521.05
08-OCT-2015,FUTSTK,CENTURYTEX,31-DEC-2015,525.80
08-OCT-2015,FUTSTK,CESC,29-OCT-2015,566.05
08-OCT-2015,FUTSTK,CESC,26-NOV-2015,569.65
08-OCT-2015,FUTSTK,CESC,31-DEC-2015,573.65
08-OCT-2015,FUTSTK,CIPLA,29-OCT-2015,680.55
08-OCT-2015,FUTSTK,CIPLA,26-NOV-2015,683.70
08-OCT-2015,FUTSTK,CIPLA,31-DEC-2015,691.70
08-OCT-2015,FUTSTK,COALINDIA,29-OCT-2015,347.15
08-OCT-2015,FUTSTK,COALINDIA,26-NOV-2015,348.95
08-OCT-2015,FUTSTK,COALINDIA,31-DEC-2015,352.05
08-OCT-2015,FUTSTK,COLPAL,29-OCT-2015,927.60
08-OCT-2015,FUTSTK,COLPAL,26-NOV-2015,929.95
08-OCT-2015,FUTSTK,COLPAL,31-DEC-2015,942.90
08-OCT-2015,FUTSTK,CROMPGREAV,29-OCT-2015,178.80
08-OCT-2015,FUTSTK,CROMPGREAV,26-NOV-2015,178.40
08-OCT-2015,FUTSTK,CROMPGREAV,31-DEC-2015,182.85
08-OCT-2015,FUTSTK,DABUR,29-OCT-2015,278.70
08-OCT-2015,FUTSTK,DABUR,26-NOV-2015,280.25
08-OCT-2015,FUTSTK,DABUR,31-DEC-2015,282.50
08-OCT-2015,FUTSTK,DHFL,29-OCT-2015,222.50
08-OCT-2015,FUTSTK,DHFL,26-NOV-2015,223.25
08-OCT-2015,FUTSTK,DHFL,31-DEC-2015,225.85
08-OCT-2015,FUTSTK,DISHTV,29-OCT-2015,106.65
08-OCT-2015,FUTSTK,DISHTV,26-NOV-2015,107.20
08-OCT-2015,FUTSTK,DISHTV,31-DEC-2015,107.80
08-OCT-2015,FUTSTK,DIVISLAB,29-OCT-2015,1095.85
08-OCT-2015,FUTSTK,DIVISLAB,26-NOV-2015,1104.00
08-OCT-2015,FUTSTK,DIVISLAB,31-DEC-2015,1107.80
08-OCT-2015,FUTSTK,DLF,29-OCT-2015,138.70
08-OCT-2015,FUTSTK,DLF,26-NOV-2015,138.50
08-OCT-2015,FUTSTK,DLF,31-DEC-2015,141.00
08-OCT-2015,FUTSTK,DRREDDY,29-OCT-2015,4236.20
08-OCT-2015,FUTSTK,DRREDDY,26-NOV-2015,4256.90
08-OCT-2015,FUTSTK,DRREDDY,31-DEC-2015,4296.10
08-OCT-2015,FUTSTK,EICHERMOT,29-OCT-2015,18738.90
08-OCT-2015,FUTSTK,EICHERMOT,26-NOV-2015,18855.50
08-OCT-2015,FUTSTK,EICHERMOT,31-DEC-2015,18979.50
08-OCT-2015,FUTSTK,ENGINERSIN,29-OCT-2015,196.70
08-OCT-2015,FUTSTK,ENGINERSIN,26-NOV-2015,198.60
08-OCT-2015,FUTSTK,ENGINERSIN,31-DEC-2015,199.95
08-OCT-2015,FUTSTK,EXIDEIND,29-OCT-2015,155.55
08-OCT-2015,FUTSTK,EXIDEIND,26-NOV-2015,157.35
08-OCT-2015,FUTSTK,EXIDEIND,31-DEC-2015,158.45
08-OCT-2015,FUTSTK,FEDERALBNK,29-OCT-2015,64.85
08-OCT-2015,FUTSTK,FEDERALBNK,26-NOV-2015,65.25
08-OCT-2015,FUTSTK,FEDERALBNK,31-DEC-2015,65.60
08-OCT-2015,FUTSTK,GAIL,29-OCT-2015,306.15
08-OCT-2015,FUTSTK,GAIL,26-NOV-2015,305.75
08-OCT-2015,FUTSTK,GAIL,31-DEC-2015,310.30
08-OCT-2015,FUTSTK,GLENMARK,29-OCT-2015,996.00
08-OCT-2015,FUTSTK,GLENMARK,26-NOV-2015,1001.85
08-OCT-2015,FUTSTK,GLENMARK,31-DEC-2015,1007.05
08-OCT-2015,FUTSTK,GMRINFRA,29-OCT-2015,14.05
08-OCT-2015,FUTSTK,GMRINFRA,26-NOV-2015,13.95
08-OCT-2015,FUTSTK,GMRINFRA,31-DEC-2015,14.20
08-OCT-2015,FUTSTK,GODREJIND,29-OCT-2015,351.35
08-OCT-2015,FUTSTK,GODREJIND,26-NOV-2015,347.00
08-OCT-2015,FUTSTK,GODREJIND,31-DEC-2015,365.25
08-OCT-2015,FUTSTK,GRASIM,29-OCT-2015,3652.50
08-OCT-2015,FUTSTK,GRASIM,26-NOV-2015,3670.80
08-OCT-2015,FUTSTK,GRASIM,31-DEC-2015,3715.50
08-OCT-2015,FUTSTK,HAVELLS,29-OCT-2015,256.45
08-OCT-2015,FUTSTK,HAVELLS,26-NOV-2015,257.25
08-OCT-2015,FUTSTK,HAVELLS,31-DEC-2015,259.80
08-OCT-2015,FUTSTK,HCLTECH,29-OCT-2015,828.75
08-OCT-2015,FUTSTK,HCLTECH,26-NOV-2015,832.30
08-OCT-2015,FUTSTK,HCLTECH,31-DEC-2015,842.10
08-OCT-2015,FUTSTK,HDFC,29-OCT-2015,1282.85
08-OCT-2015,FUTSTK,HDFC,26-NOV-2015,1290.10
08-OCT-2015,FUTSTK,HDFC,31-DEC-2015,1299.55
08-OCT-2015,FUTSTK,HDFCBANK,29-OCT-2015,1089.45
08-OCT-2015,FUTSTK,HDFCBANK,26-NOV-2015,1096.35
08-OCT-2015,FUTSTK,HDFCBANK,31-DEC-2015,1101.30
08-OCT-2015,FUTSTK,HDIL,29-OCT-2015,73.70
08-OCT-2015,FUTSTK,HDIL,26-NOV-2015,74.20
08-OCT-2015,FUTSTK,HDIL,31-DEC-2015,74.75
08-OCT-2015,FUTSTK,HEROMOTOCO,29-OCT-2015,2551.85
08-OCT-2015,FUTSTK,HEROMOTOCO,26-NOV-2015,2565.90
08-OCT-2015,FUTSTK,HEROMOTOCO,31-DEC-2015,2584.25
08-OCT-2015,FUTSTK,HEXAWARE,29-OCT-2015,252.60
08-OCT-2015,FUTSTK,HEXAWARE,26-NOV-2015,254.65
08-OCT-2015,FUTSTK,HEXAWARE,31-DEC-2015,256.40
08-OCT-2015,FUTSTK,HINDALCO,29-OCT-2015,82.75
08-OCT-2015,FUTSTK,HINDALCO,26-NOV-2015,83.10
08-OCT-2015,FUTSTK,HINDALCO,31-DEC-2015,83.75
08-OCT-2015,FUTSTK,HINDPETRO,29-OCT-2015,792.15
08-OCT-2015,FUTSTK,HINDPETRO,26-NOV-2015,797.95
08-OCT-2015,FUTSTK,HINDPETRO,31-DEC-2015,802.70
08-OCT-2015,FUTSTK,HINDUNILVR,29-OCT-2015,819.85
08-OCT-2015,FUTSTK,HINDUNILVR,26-NOV-2015,825.00
08-OCT-2015,FUTSTK,HINDUNILVR,31-DEC-2015,835.70
08-OCT-2015,FUTSTK,HINDZINC,29-OCT-2015,144.50
08-OCT-2015,FUTSTK,HINDZINC,26-NOV-2015,144.10
08-OCT-2015,FUTSTK,HINDZINC,31-DEC-2015,147.40
08-OCT-2015,FUTSTK,IBREALEST,29-OCT-2015,68.35
08-OCT-2015,FUTSTK,IBREALEST,26-NOV-2015,68.65
08-OCT-2015,FUTSTK,IBREALEST,31-DEC-2015,69.10
08-OCT-2015,FUTSTK,IBULHSGFIN,29-OCT-2015,757.30
08-OCT-2015,FUTSTK,IBULHSGFIN,26-NOV-2015,758.00
08-OCT-2015,FUTSTK,IBULHSGFIN,31-DEC-2015,767.30
08-OCT-2015,FUTSTK,ICICIBANK,29-OCT-2015,279.10
08-OCT-2015,FUTSTK,ICICIBANK,26-NOV-2015,280.70
08-OCT-2015,FUTSTK,ICICIBANK,31-DEC-2015,283.15
08-OCT-2015,FUTSTK,IDBI,29-OCT-2015,79.90
08-OCT-2015,FUTSTK,IDBI,26-NOV-2015,80.25
08-OCT-2015,FUTSTK,IDBI,31-DEC-2015,80.80
08-OCT-2015,FUTSTK,IDEA,29-OCT-2015,157.20
08-OCT-2015,FUTSTK,IDEA,26-NOV-2015,157.95
08-OCT-2015,FUTSTK,IDEA,31-DEC-2015,159.55
08-OCT-2015,FUTSTK,IDFC,29-OCT-2015,62.90
08-OCT-2015,FUTSTK,IDFC,26-NOV-2015,63.20
08-OCT-2015,FUTSTK,IDFC,31-DEC-2015,63.60
08-OCT-2015,FUTSTK,IFCI,29-OCT-2015,21.85
08-OCT-2015,FUTSTK,IFCI,26-NOV-2015,21.95
08-OCT-2015,FUTSTK,IFCI,31-DEC-2015,22.10
08-OCT-2015,FUTSTK,IGL,29-OCT-2015,467.20
08-OCT-2015,FUTSTK,IGL,26-NOV-2015,469.65
08-OCT-2015,FUTSTK,IGL,31-DEC-2015,472.90
08-OCT-2015,FUTSTK,INDIACEM,29-OCT-2015,79.05
08-OCT-2015,FUTSTK,INDIACEM,26-NOV-2015,79.80
08-OCT-2015,FUTSTK,INDIACEM,31-DEC-2015,80.00
08-OCT-2015,FUTSTK,INDUSINDBK,29-OCT-2015,949.85
08-OCT-2015,FUTSTK,INDUSINDBK,26-NOV-2015,952.15
08-OCT-2015,FUTSTK,INDUSINDBK,31-DEC-2015,960.65
08-OCT-2015,FUTSTK,INFRATEL,29-OCT-2015,412.45
08-OCT-2015,FUTSTK,INFRATEL,26-NOV-2015,414.05
08-OCT-2015,FUTSTK,INFRATEL,31-DEC-2015,416.95
08-OCT-2015,FUTSTK,INFY,29-OCT-2015,1130.40
08-OCT-2015,FUTSTK,INFY,26-NOV-2015,1134.45
08-OCT-2015,FUTSTK,INFY,31-DEC-2015,1151.15
08-OCT-2015,FUTSTK,IOB,29-OCT-2015,37.55
08-OCT-2015,FUTSTK,IOB,26-NOV-2015,38.05
08-OCT-2015,FUTSTK,IOB,31-DEC-2015,38.30
08-OCT-2015,FUTSTK,IOC,29-OCT-2015,400.80
08-OCT-2015,FUTSTK,IOC,26-NOV-2015,403.80
08-OCT-2015,FUTSTK,IOC,31-DEC-2015,406.65
08-OCT-2015,FUTSTK,IRB,29-OCT-2015,251.35
08-OCT-2015,FUTSTK,IRB,26-NOV-2015,252.15
08-OCT-2015,FUTSTK,IRB,31-DEC-2015,256.15
08-OCT-2015,FUTSTK,ITC,29-OCT-2015,340.85
08-OCT-2015,FUTSTK,ITC,26-NOV-2015,342.80
08-OCT-2015,FUTSTK,ITC,31-DEC-2015,344.80
08-OCT-2015,FUTSTK,JINDALSTEL,29-OCT-2015,70.70
08-OCT-2015,FUTSTK,JINDALSTEL,26-NOV-2015,71.20
08-OCT-2015,FUTSTK,JINDALSTEL,31-DEC-2015,71.45
08-OCT-2015,FUTSTK,JISLJALEQS,29-OCT-2015,63.90
08-OCT-2015,FUTSTK,JISLJALEQS,26-NOV-2015,64.20
08-OCT-2015,FUTSTK,JISLJALEQS,31-DEC-2015,64.60
08-OCT-2015,FUTSTK,JPASSOCIAT,29-OCT-2015,12.75
08-OCT-2015,FUTSTK,JPASSOCIAT,26-NOV-2015,12.85
08-OCT-2015,FUTSTK,JPASSOCIAT,31-DEC-2015,12.90
08-OCT-2015,FUTSTK,JSWENERGY,29-OCT-2015,89.60
08-OCT-2015,FUTSTK,JSWENERGY,26-NOV-2015,90.10
08-OCT-2015,FUTSTK,JSWENERGY,31-DEC-2015,90.55
08-OCT-2015,FUTSTK,JSWSTEEL,29-OCT-2015,918.80
08-OCT-2015,FUTSTK,JSWSTEEL,26-NOV-2015,921.05
08-OCT-2015,FUTSTK,JSWSTEEL,31-DEC-2015,928.85
08-OCT-2015,FUTSTK,JUBLFOOD,29-OCT-2015,1558.25
08-OCT-2015,FUTSTK,JUBLFOOD,26-NOV-2015,1574.15
08-OCT-2015,FUTSTK,JUBLFOOD,31-DEC-2015,1585.15
08-OCT-2015,FUTSTK,JUSTDIAL,29-OCT-2015,993.10
08-OCT-2015,FUTSTK,JUSTDIAL,26-NOV-2015,981.40
08-OCT-2015,FUTSTK,JUSTDIAL,31-DEC-2015,1039.95
08-OCT-2015,FUTSTK,KOTAKBANK,29-OCT-2015,655.50
08-OCT-2015,FUTSTK,KOTAKBANK,26-NOV-2015,659.80
08-OCT-2015,FUTSTK,KOTAKBANK,31-DEC-2015,664.60
08-OCT-2015,FUTSTK,KSCL,29-OCT-2015,467.25
08-OCT-2015,FUTSTK,KSCL,26-NOV-2015,470.00
08-OCT-2015,FUTSTK,KSCL,31-DEC-2015,473.30
08-OCT-2015,FUTSTK,KTKBANK,29-OCT-2015,130.20
08-OCT-2015,FUTSTK,KTKBANK,26-NOV-2015,131.25
08-OCT-2015,FUTSTK,KTKBANK,31-DEC-2015,132.20
08-OCT-2015,FUTSTK,L&TFH,29-OCT-2015,68.25
08-OCT-2015,FUTSTK,L&TFH,26-NOV-2015,68.80
08-OCT-2015,FUTSTK,L&TFH,31-DEC-2015,69.25
08-OCT-2015,FUTSTK,LICHSGFIN,29-OCT-2015,477.65
08-OCT-2015,FUTSTK,LICHSGFIN,26-NOV-2015,480.45
08-OCT-2015,FUTSTK,LICHSGFIN,31-DEC-2015,483.10
08-OCT-2015,FUTSTK,LT,29-OCT-2015,1540.15
08-OCT-2015,FUTSTK,LT,26-NOV-2015,1547.95
08-OCT-2015,FUTSTK,LT,31-DEC-2015,1559.45
08-OCT-2015,FUTSTK,LUPIN,29-OCT-2015,2055.05
08-OCT-2015,FUTSTK,LUPIN,26-NOV-2015,2067.10
08-OCT-2015,FUTSTK,LUPIN,31-DEC-2015,2078.70
08-OCT-2015,FUTSTK,M&M,29-OCT-2015,1272.05
08-OCT-2015,FUTSTK,M&M,26-NOV-2015,1279.00
08-OCT-2015,FUTSTK,M&M,31-DEC-2015,1294.00
08-OCT-2015,FUTSTK,M&MFIN,29-OCT-2015,234.60
08-OCT-2015,FUTSTK,M&MFIN,26-NOV-2015,235.45
08-OCT-2015,FUTSTK,M&MFIN,31-DEC-2015,239.20
08-OCT-2015,FUTSTK,MARICO,29-OCT-2015,403.65
08-OCT-2015,FUTSTK,MARICO,26-NOV-2015,405.70
08-OCT-2015,FUTSTK,MARICO,31-DEC-2015,408.50
08-OCT-2015,FUTSTK,MARUTI,29-OCT-2015,4377.80
08-OCT-2015,FUTSTK,MARUTI,26-NOV-2015,4399.20
08-OCT-2015,FUTSTK,MARUTI,31-DEC-2015,4426.80
08-OCT-2015,FUTSTK,MCLEODRUSS,29-OCT-2015,173.60
08-OCT-2015,FUTSTK,MCLEODRUSS,26-NOV-2015,174.50
08-OCT-2015,FUTSTK,MCLEODRUSS,31-DEC-2015,175.70
08-OCT-2015,FUTSTK,MINDTREE,29-OCT-2015,1468.30
08-OCT-2015,FUTSTK,MINDTREE,26-NOV-2015,1477.00
08-OCT-2015,FUTSTK,MINDTREE,31-DEC-2015,1486.80
08-OCT-2015,FUTSTK,MOTHERSUMI,29-OCT-2015,239.40
08-OCT-2015,FUTSTK,MOTHERSUMI,26-NOV-2015,241.15
08-OCT-2015,FUTSTK,MOTHERSUMI,31-DEC-2015,242.30
08-OCT-2015,FUTSTK,MRF,29-OCT-2015,42031.85
08-OCT-2015,FUTSTK,MRF,26-NOV-2015,42197.25
08-OCT-2015,FUTSTK,MRF,31-DEC-2015,42598.85
08-OCT-2015,FUTSTK,NCC,29-OCT-2015,75.75
08-OCT-2015,FUTSTK,NCC,26-NOV-2015,76.05
08-OCT-2015,FUTSTK,NCC,31-DEC-2015,76.60
08-OCT-2015,FUTSTK,NHPC,29-OCT-2015,17.20
08-OCT-2015,FUTSTK,NHPC,26-NOV-2015,17.35
08-OCT-2015,FUTSTK,NHPC,31-DEC-2015,17.45
08-OCT-2015,FUTSTK,NMDC,29-OCT-2015,93.60
08-OCT-2015,FUTSTK,NMDC,26-NOV-2015,92.40
08-OCT-2015,FUTSTK,NMDC,31-DEC-2015,97.15
08-OCT-2015,FUTSTK,NTPC,29-OCT-2015,126.65
08-OCT-2015,FUTSTK,NTPC,26-NOV-2015,127.10
08-OCT-2015,FUTSTK,NTPC,31-DEC-2015,128.15
08-OCT-2015,FUTSTK,OFSS,29-OCT-2015,4030.50
08-OCT-2015,FUTSTK,OFSS,26-NOV-2015,4045.85
08-OCT-2015,FUTSTK,OFSS,31-DEC-2015,4074.00
08-OCT-2015,FUTSTK,OIL,29-OCT-2015,464.20
08-OCT-2015,FUTSTK,OIL,26-NOV-2015,467.95
08-OCT-2015,FUTSTK,OIL,31-DEC-2015,471.20
08-OCT-2015,FUTSTK,ONGC,29-OCT-2015,257.75
08-OCT-2015,FUTSTK,ONGC,26-NOV-2015,258.75
08-OCT-2015,FUTSTK,ONGC,31-DEC-2015,262.00
08-OCT-2015,FUTSTK,ORIENTBANK,29-OCT-2015,145.50
08-OCT-2015,FUTSTK,ORIENTBANK,26-NOV-2015,146.00
08-OCT-2015,FUTSTK,ORIENTBANK,31-DEC-2015,147.40
08-OCT-2015,FUTSTK,PAGEIND,29-OCT-2015,14281.65
08-OCT-2015,FUTSTK,PAGEIND,26-NOV-2015,14394.65
08-OCT-2015,FUTSTK,PAGEIND,31-DEC-2015,14494.80
08-OCT-2015,FUTSTK,PETRONET,29-OCT-2015,181.60
08-OCT-2015,FUTSTK,PETRONET,26-NOV-2015,183.70
08-OCT-2015,FUTSTK,PETRONET,31-DEC-2015,184.95
08-OCT-2015,FUTSTK,PFC,29-OCT-2015,236.40
08-OCT-2015,FUTSTK,PFC,26-NOV-2015,237.65
08-OCT-2015,FUTSTK,PFC,31-DEC-2015,239.15
08-OCT-2015,FUTSTK,PIDILITIND,29-OCT-2015,576.85
08-OCT-2015,FUTSTK,PIDILITIND,26-NOV-2015,580.55
08-OCT-2015,FUTSTK,PIDILITIND,31-DEC-2015,584.55
08-OCT-2015,FUTSTK,PNB,29-OCT-2015,139.80
08-OCT-2015,FUTSTK,PNB,26-NOV-2015,140.25
08-OCT-2015,FUTSTK,PNB,31-DEC-2015,141.40
08-OCT-2015,FUTSTK,POWERGRID,29-OCT-2015,132.95
08-OCT-2015,FUTSTK,POWERGRID,26-NOV-2015,133.45
08-OCT-2015,FUTSTK,POWERGRID,31-DEC-2015,134.70
08-OCT-2015,FUTSTK,PTC,29-OCT-2015,64.50
08-OCT-2015,FUTSTK,PTC,26-NOV-2015,65.25
08-OCT-2015,FUTSTK,PTC,31-DEC-2015,65.70
08-OCT-2015,FUTSTK,RCOM,29-OCT-2015,76.30
08-OCT-2015,FUTSTK,RCOM,26-NOV-2015,76.60
08-OCT-2015,FUTSTK,RCOM,31-DEC-2015,77.50
08-OCT-2015,FUTSTK,RECLTD,29-OCT-2015,269.60
08-OCT-2015,FUTSTK,RECLTD,26-NOV-2015,271.10
08-OCT-2015,FUTSTK,RECLTD,31-DEC-2015,272.50
08-OCT-2015,FUTSTK,RELCAPITAL,29-OCT-2015,381.60
08-OCT-2015,FUTSTK,RELCAPITAL,26-NOV-2015,384.25
08-OCT-2015,FUTSTK,RELCAPITAL,31-DEC-2015,386.30
08-OCT-2015,FUTSTK,RELIANCE,29-OCT-2015,893.00
08-OCT-2015,FUTSTK,RELIANCE,26-NOV-2015,897.95
08-OCT-2015,FUTSTK,RELIANCE,31-DEC-2015,903.35
08-OCT-2015,FUTSTK,RELINFRA,29-OCT-2015,365.50
08-OCT-2015,FUTSTK,RELINFRA,26-NOV-2015,365.45
08-OCT-2015,FUTSTK,RELINFRA,31-DEC-2015,371.50
08-OCT-2015,FUTSTK,RPOWER,29-OCT-2015,46.40
08-OCT-2015,FUTSTK,RPOWER,26-NOV-2015,46.70
08-OCT-2015,FUTSTK,RPOWER,31-DEC-2015,47.00
08-OCT-2015,FUTSTK,SAIL,29-OCT-2015,54.45
08-OCT-2015,FUTSTK,SAIL,26-NOV-2015,53.55
08-OCT-2015,FUTSTK,SAIL,31-DEC-2015,55.70
08-OCT-2015,FUTSTK,SBIN,29-OCT-2015,243.75
08-OCT-2015,FUTSTK,SBIN,26-NOV-2015,245.05
08-OCT-2015,FUTSTK,SBIN,31-DEC-2015,247.40
08-OCT-2015,FUTSTK,SIEMENS,29-OCT-2015,1347.45
08-OCT-2015,FUTSTK,SIEMENS,26-NOV-2015,1358.35
08-OCT-2015,FUTSTK,SIEMENS,31-DEC-2015,1367.80
08-OCT-2015,FUTSTK,SKSMICRO,29-OCT-2015,438.05
08-OCT-2015,FUTSTK,SKSMICRO,26-NOV-2015,439.95
08-OCT-2015,FUTSTK,SKSMICRO,31-DEC-2015,444.55
08-OCT-2015,FUTSTK,SOUTHBANK,29-OCT-2015,22.55
08-OCT-2015,FUTSTK,SOUTHBANK,26-NOV-2015,22.75
08-OCT-2015,FUTSTK,SOUTHBANK,31-DEC-2015,22.90
08-OCT-2015,FUTSTK,SRF,29-OCT-2015,1234.10
08-OCT-2015,FUTSTK,SRF,26-NOV-2015,1242.15
08-OCT-2015,FUTSTK,SRF,31-DEC-2015,1250.80
08-OCT-2015,FUTSTK,SRTRANSFIN,29-OCT-2015,947.80
08-OCT-2015,FUTSTK,SRTRANSFIN,26-NOV-2015,953.05
08-OCT-2015,FUTSTK,SRTRANSFIN,31-DEC-2015,964.80
08-OCT-2015,FUTSTK,STAR,29-OCT-2015,1251.35
08-OCT-2015,FUTSTK,STAR,26-NOV-2015,1262.20
08-OCT-2015,FUTSTK,STAR,31-DEC-2015,1265.70
08-OCT-2015,FUTSTK,SUNPHARMA,29-OCT-2015,916.35
08-OCT-2015,FUTSTK,SUNPHARMA,26-NOV-2015,921.45
08-OCT-2015,FUTSTK,SUNPHARMA,31-DEC-2015,924.00
08-OCT-2015,FUTSTK,SUNTV,29-OCT-2015,357.60
08-OCT-2015,FUTSTK,SUNTV,26-NOV-2015,359.75
08-OCT-2015,FUTSTK,SUNTV,31-DEC-2015,362.25
08-OCT-2015,FUTSTK,SYNDIBANK,29-OCT-2015,90.10
08-OCT-2015,FUTSTK,SYNDIBANK,26-NOV-2015,90.50
08-OCT-2015,FUTSTK,SYNDIBANK,31-DEC-2015,91.40
08-OCT-2015,FUTSTK,TATACHEM,29-OCT-2015,401.95
08-OCT-2015,FUTSTK,TATACHEM,26-NOV-2015,403.00
08-OCT-2015,FUTSTK,TATACHEM,31-DEC-2015,406.90
08-OCT-2015,FUTSTK,TATACOMM,29-OCT-2015,423.80
08-OCT-2015,FUTSTK,TATACOMM,26-NOV-2015,427.90
08-OCT-2015,FUTSTK,TATACOMM,31-DEC-2015,429.30
08-OCT-2015,FUTSTK,TATAGLOBAL,29-OCT-2015,133.50
08-OCT-2015,FUTSTK,TATAGLOBAL,26-NOV-2015,134.25
08-OCT-2015,FUTSTK,TATAGLOBAL,31-DEC-2015,135.60
08-OCT-2015,FUTSTK,TATAMOTORS,29-OCT-2015,342.70
08-OCT-2015,FUTSTK,TATAMOTORS,26-NOV-2015,343.45
08-OCT-2015,FUTSTK,TATAMOTORS,31-DEC-2015,349.05
08-OCT-2015,FUTSTK,TATAMTRDVR,29-OCT-2015,243.55
08-OCT-2015,FUTSTK,TATAMTRDVR,26-NOV-2015,244.65
08-OCT-2015,FUTSTK,TATAMTRDVR,31-DEC-2015,246.35
08-OCT-2015,FUTSTK,TATAPOWER,29-OCT-2015,70.60
08-OCT-2015,FUTSTK,TATAPOWER,26-NOV-2015,70.85
08-OCT-2015,FUTSTK,TATAPOWER,31-DEC-2015,71.45
08-OCT-2015,FUTSTK,TATASTEEL,29-OCT-2015,240.60
08-OCT-2015,FUTSTK,TATASTEEL,26-NOV-2015,241.25
08-OCT-2015,FUTSTK,TATASTEEL,31-DEC-2015,242.35
08-OCT-2015,FUTSTK,TCS,29-OCT-2015,2642.40
08-OCT-2015,FUTSTK,TCS,26-NOV-2015,2652.90
08-OCT-2015,FUTSTK,TCS,31-DEC-2015,2678.00
08-OCT-2015,FUTSTK,TECHM,29-OCT-2015,564.70
08-OCT-2015,FUTSTK,TECHM,26-NOV-2015,567.40
08-OCT-2015,FUTSTK,TECHM,31-DEC-2015,572.45
08-OCT-2015,FUTSTK,TITAN,29-OCT-2015,341.85
08-OCT-2015,FUTSTK,TITAN,26-NOV-2015,341.00
08-OCT-2015,FUTSTK,TITAN,31-DEC-2015,342.50
08-OCT-2015,FUTSTK,TV18BRDCST,29-OCT-2015,34.70
08-OCT-2015,FUTSTK,TV18BRDCST,26-NOV-2015,34.80
08-OCT-2015,FUTSTK,TV18BRDCST,31-DEC-2015,35.05
08-OCT-2015,FUTSTK,TVSMOTOR,29-OCT-2015,237.40
08-OCT-2015,FUTSTK,TVSMOTOR,26-NOV-2015,233.95
08-OCT-2015,FUTSTK,TVSMOTOR,31-DEC-2015,231.00
08-OCT-2015,FUTSTK,UBL,29-OCT-2015,939.30
08-OCT-2015,FUTSTK,UBL,26-NOV-2015,943.05
08-OCT-2015,FUTSTK,UBL,31-DEC-2015,949.60
08-OCT-2015,FUTSTK,UCOBANK,29-OCT-2015,48.70
08-OCT-2015,FUTSTK,UCOBANK,26-NOV-2015,48.90
08-OCT-2015,FUTSTK,UCOBANK,31-DEC-2015,49.25
08-OCT-2015,FUTSTK,ULTRACEMCO,29-OCT-2015,2827.40
08-OCT-2015,FUTSTK,ULTRACEMCO,26-NOV-2015,2839.40
08-OCT-2015,FUTSTK,ULTRACEMCO,31-DEC-2015,2864.95
08-OCT-2015,FUTSTK,UNIONBANK,29-OCT-2015,186.00
08-OCT-2015,FUTSTK,UNIONBANK,26-NOV-2015,186.90
08-OCT-2015,FUTSTK,UNIONBANK,31-DEC-2015,188.30
08-OCT-2015,FUTSTK,UNITECH,29-OCT-2015,7.20
08-OCT-2015,FUTSTK,UNITECH,26-NOV-2015,7.20
08-OCT-2015,FUTSTK,UNITECH,31-DEC-2015,7.30
08-OCT-2015,FUTSTK,UPL,29-OCT-2015,447.25
08-OCT-2015,FUTSTK,UPL,26-NOV-2015,449.80
08-OCT-2015,FUTSTK,UPL,31-DEC-2015,454.05
08-OCT-2015,FUTSTK,VEDL,29-OCT-2015,93.15
08-OCT-2015,FUTSTK,VEDL,26-NOV-2015,93.30
08-OCT-2015,FUTSTK,VEDL,31-DEC-2015,92.70
08-OCT-2015,FUTSTK,VOLTAS,29-OCT-2015,269.90
08-OCT-2015,FUTSTK,VOLTAS,26-NOV-2015,268.75
08-OCT-2015,FUTSTK,VOLTAS,31-DEC-2015,276.75
08-OCT-2015,FUTSTK,WIPRO,29-OCT-2015,592.90
08-OCT-2015,FUTSTK,WIPRO,26-NOV-2015,596.00
08-OCT-2015,FUTSTK,WIPRO,31-DEC-2015,599.70
08-OCT-2015,FUTSTK,WOCKPHARMA,29-OCT-2015,1564.20
08-OCT-2015,FUTSTK,WOCKPHARMA,26-NOV-2015,1566.80
08-OCT-2015,FUTSTK,WOCKPHARMA,31-DEC-2015,1584.85
08-OCT-2015,FUTSTK,YESBANK,29-OCT-2015,731.25
08-OCT-2015,FUTSTK,YESBANK,26-NOV-2015,735.50
08-OCT-2015,FUTSTK,YESBANK,31-DEC-2015,739.55
08-OCT-2015,FUTSTK,ZEEL,29-OCT-2015,399.35
08-OCT-2015,FUTSTK,ZEEL,26-NOV-2015,401.45
08-OCT-2015,FUTSTK,ZEEL,31-DEC-2015,404.25
08-OCT-2015,OPTSTK,ABIRLANUVO,,2195.80
08-OCT-2015,OPTSTK,ACC,,1356.20
08-OCT-2015,OPTSTK,ADANIENT,,84.15
08-OCT-2015,OPTSTK,ADANIPORTS,,320.75
08-OCT-2015,OPTSTK,ADANIPOWER,,26.30
08-OCT-2015,OPTSTK,AJANTPHARM,,1498.75
08-OCT-2015,OPTSTK,ALBK,,77.85
08-OCT-2015,OPTSTK,AMARAJABAT,,1008.90
08-OCT-2015,OPTSTK,AMBUJACEM,,209.90
08-OCT-2015,OPTSTK,AMTEKAUTO,,44.60
08-OCT-2015,OPTSTK,ANDHRABANK,,68.75
08-OCT-2015,OPTSTK,APOLLOHOSP,,1448.10
08-OCT-2015,OPTSTK,APOLLOTYRE,,193.25
08-OCT-2015,OPTSTK,ARVIND,,286.45
08-OCT-2015,OPTSTK,ASHOKLEY,,91.65
08-OCT-2015,OPTSTK,ASIANPAINT,,874.15
08-OCT-2015,OPTSTK,AUROPHARMA,,750.55
08-OCT-2015,OPTSTK,AXISBANK,,491.50
08-OCT-2015,OPTSTK,BAJAJ-AUTO,,2430.90
08-OCT-2015,OPTSTK,BAJFINANCE,,5041.45
08-OCT-2015,OPTSTK,BANKBARODA,,185.90
08-OCT-2015,OPTSTK,BANKINDIA,,145.50
08-OCT-2015,OPTSTK,BATAINDIA,,552.80
08-OCT-2015,OPTSTK,BEL,,1203.30
08-OCT-2015,OPTSTK,BEML,,1260.40
08-OCT-2015,OPTSTK,BHARATFORG,,930.50
08-OCT-2015,OPTSTK,BHARTIARTL,,341.55
08-OCT-2015,OPTSTK,BHEL,,203.80
08-OCT-2015,OPTSTK,BIOCON,,443.50
08-OCT-2015,OPTSTK,BOSCHLTD,,21367.20
08-OCT-2015,OPTSTK,BPCL,,854.95
08-OCT-2015,OPTSTK,BRITANNIA,,3266.75
08-OCT-2015,OPTSTK,CADILAHC,,409.30
08-OCT-2015,OPTSTK,CAIRN,,168.65
08-OCT-2015,OPTSTK,CANBK,,298.10
08-OCT-2015,OPTSTK,CASTROLIND,,450.05
08-OCT-2015,OPTSTK,CEATLTD,,1265.70
08-OCT-2015,OPTSTK,CENTURYTEX,,517.10
08-OCT-2015,OPTSTK,CESC,,564.15
08-OCT-2015,OPTSTK,CIPLA,,680.25
08-OCT-2015,OPTSTK,COALINDIA,,346.20
08-OCT-2015,OPTSTK,COLPAL,,927.30
08-OCT-2015,OPTSTK,CROMPGREAV,,179.80
08-OCT-2015,OPTSTK,DABUR,,277.80
08-OCT-2015,OPTSTK,DHFL,,222.10
08-OCT-2015,OPTSTK,DISHTV,,106.00
08-OCT-2015,OPTSTK,DIVISLAB,,1089.50
08-OCT-2015,OPTSTK,DLF,,138.65
08-OCT-2015,OPTSTK,DRREDDY,,4225.20
08-OCT-2015,OPTSTK,EICHERMOT,,18666.30
08-OCT-2015,OPTSTK,ENGINERSIN,,196.65
08-OCT-2015,OPTSTK,EXIDEIND,,155.80
08-OCT-2015,OPTSTK,FEDERALBNK,,64.50
08-OCT-2015,OPTSTK,GAIL,,305.50
08-OCT-2015,OPTSTK,GLENMARK,,990.40
08-OCT-2015,OPTSTK,GMRINFRA,,13.95
08-OCT-2015,OPTSTK,GODREJIND,,359.20
08-OCT-2015,OPTSTK,GRASIM,,3654.15
08-OCT-2015,OPTSTK,HAVELLS,,255.50
08-OCT-2015,OPTSTK,HCLTECH,,828.20
08-OCT-2015,OPTSTK,HDFC,,1278.10
08-OCT-2015,OPTSTK,HDFCBANK,,1083.10
08-OCT-2015,OPTSTK,HDIL,,73.50
08-OCT-2015,OPTSTK,HEROMOTOCO,,2541.60
08-OCT-2015,OPTSTK,HEXAWARE,,252.15
08-OCT-2015,OPTSTK,HINDALCO,,82.35
08-OCT-2015,OPTSTK,HINDPETRO,,789.45
08-OCT-2015,OPTSTK,HINDUNILVR,,821.90
08-OCT-2015,OPTSTK,HINDZINC,,144.95
08-OCT-2015,OPTSTK,IBREALEST,,67.95
08-OCT-2015,OPTSTK,IBULHSGFIN,,754.60
08-OCT-2015,OPTSTK,ICICIBANK,,278.45
08-OCT-2015,OPTSTK,IDBI,,79.45
08-OCT-2015,OPTSTK,IDEA,,156.90
08-OCT-2015,OPTSTK,IDFC,,62.55
08-OCT-2015,OPTSTK,IFCI,,21.70
08-OCT-2015,OPTSTK,IGL,,465.10
08-OCT-2015,OPTSTK,INDIACEM,,78.65
08-OCT-2015,OPTSTK,INDUSINDBK,,944.80
08-OCT-2015,OPTSTK,INFRATEL,,410.05
08-OCT-2015,OPTSTK,INFY,,1132.15
08-OCT-2015,OPTSTK,IOB,,37.65
08-OCT-2015,OPTSTK,IOC,,399.90
08-OCT-2015,OPTSTK,IRB,,251.90
08-OCT-2015,OPTSTK,ITC,,339.10
08-OCT-2015,OPTSTK,JINDALSTEL,,70.25
08-OCT-2015,OPTSTK,JISLJALEQS,,63.50
08-OCT-2015,OPTSTK,JPASSOCIAT,,12.65
08-OCT-2015,OPTSTK,JSWENERGY,,89.05
08-OCT-2015,OPTSTK,JSWSTEEL,,913.50
08-OCT-2015,OPTSTK,JUBLFOOD,,1558.95
08-OCT-2015,OPTSTK,JUSTDIAL,,1022.75
08-OCT-2015,OPTSTK,KOTAKBANK,,653.60
08-OCT-2015,OPTSTK,KSCL,,465.45
08-OCT-2015,OPTSTK,KTKBANK,,130.00
08-OCT-2015,OPTSTK,L&TFH,,68.10
08-OCT-2015,OPTSTK,LICHSGFIN,,475.10
08-OCT-2015,OPTSTK,LT,,1533.70
08-OCT-2015,OPTSTK,LUPIN,,2044.40
08-OCT-2015,OPTSTK,M&M,,1272.65
08-OCT-2015,OPTSTK,M&MFIN,,235.25
08-OCT-2015,OPTSTK,MARICO,,401.75
08-OCT-2015,OPTSTK,MARUTI,,4353.75
08-OCT-2015,OPTSTK,MCLEODRUSS,,172.80
08-OCT-2015,OPTSTK,MINDTREE,,1462.25
08-OCT-2015,OPTSTK,MOTHERSUMI,,238.30
08-OCT-2015,OPTSTK,MRF,,41895.90
08-OCT-2015,OPTSTK,NCC,,75.30
08-OCT-2015,OPTSTK,NHPC,,17.15
08-OCT-2015,OPTSTK,NMDC,,95.55
08-OCT-2015,OPTSTK,NTPC,,126.00
08-OCT-2015,OPTSTK,OFSS,,4006.75
08-OCT-2015,OPTSTK,OIL,,463.40
08-OCT-2015,OPTSTK,ONGC,,257.65
08-OCT-2015,OPTSTK,ORIENTBANK,,144.95
08-OCT-2015,OPTSTK,PAGEIND,,14255.60
08-OCT-2015,OPTSTK,PETRONET,,181.90
08-OCT-2015,OPTSTK,PFC,,235.20
08-OCT-2015,OPTSTK,PIDILITIND,,574.90
08-OCT-2015,OPTSTK,PNB,,139.05
08-OCT-2015,OPTSTK,POWERGRID,,132.45
08-OCT-2015,OPTSTK,PTC,,64.60
08-OCT-2015,OPTSTK,RCOM,,76.20
08-OCT-2015,OPTSTK,RECLTD,,268.00
08-OCT-2015,OPTSTK,RELCAPITAL,,379.90
08-OCT-2015,OPTSTK,RELIANCE,,889.10
08-OCT-2015,OPTSTK,RELINFRA,,365.35
08-OCT-2015,OPTSTK,RPOWER,,46.20
08-OCT-2015,OPTSTK,SAIL,,54.75
08-OCT-2015,OPTSTK,SBIN,,243.30
08-OCT-2015,OPTSTK,SIEMENS,,1345.20
08-OCT-2015,OPTSTK,SKSMICRO,,437.20
08-OCT-2015,OPTSTK,SOUTHBANK,,22.50
08-OCT-2015,OPTSTK,SRF,,1230.15
08-OCT-2015,OPTSTK,SRTRANSFIN,,948.85
08-OCT-2015,OPTSTK,STAR,,1244.80
08-OCT-2015,OPTSTK,SUNPHARMA,,915.65
08-OCT-2015,OPTSTK,SUNTV,,356.25
08-OCT-2015,OPTSTK,SYNDIBANK,,89.85
08-OCT-2015,OPTSTK,TATACHEM,,400.15
08-OCT-2015,OPTSTK,TATACOMM,,422.20
08-OCT-2015,OPTSTK,TATAGLOBAL,,133.35
08-OCT-2015,OPTSTK,TATAMOTORS,,343.25
08-OCT-2015,OPTSTK,TATAMTRDVR,,242.25
08-OCT-2015,OPTSTK,TATAPOWER,,70.25
08-OCT-2015,OPTSTK,TATASTEEL,,240.80
08-OCT-2015,OPTSTK,TCS,,2633.80
08-OCT-2015,OPTSTK,TECHM,,563.00
08-OCT-2015,OPTSTK,TITAN,,341.05
08-OCT-2015,OPTSTK,TV18BRDCST,,34.45
08-OCT-2015,OPTSTK,TVSMOTOR,,240.45
08-OCT-2015,OPTSTK,UBL,,933.90
08-OCT-2015,OPTSTK,UCOBANK,,48.40
08-OCT-2015,OPTSTK,ULTRACEMCO,,2817.65
08-OCT-2015,OPTSTK,UNIONBANK,,185.15
08-OCT-2015,OPTSTK,UNITECH,,7.15
08-OCT-2015,OPTSTK,UPL,,444.55
08-OCT-2015,OPTSTK,VEDL,,92.90
08-OCT-2015,OPTSTK,VOLTAS,,272.15
08-OCT-2015,OPTSTK,WIPRO,,589.80
08-OCT-2015,OPTSTK,WOCKPHARMA,,1558.70
08-OCT-2015,OPTSTK,YESBANK,,727.35
08-OCT-2015,OPTSTK,ZEEL,,397.55
